Datetime,Water Level (m)
2025-03-10 18:00:00,-0.6894338
2025-03-10 19:00:00,-0.89714885
2025-03-10 20:00:00,-0.9310384
2025-03-10 21:00:00,-0.8559643
2025-03-10 22:00:00,-0.6415709
2025-03-10 23:00:00,-0.3454628
2025-03-11 00:00:00,-0.08087043
2025-03-11 01:00:00,0.12906691
2025-03-11 02:00:00,0.15401834
2025-03-11 03:00:00,0.04347473
2025-03-11 04:00:00,-0.1823498
2025-03-11 05:00:00,-0.48010108
2025-03-11 06:00:00,-0.759663
2025-03-11 07:00:00,-0.9205135
2025-03-11 08:00:00,-0.92681694
2025-03-11 09:00:00,-0.80577004
2025-03-11 10:00:00,-0.52918375
2025-03-11 11:00:00,-0.19473957
2025-03-11 12:00:00,0.13842149
2025-03-11 13:00:00,0.40927732
2025-03-11 14:00:00,0.5086551
2025-03-11 15:00:00,0.4290526
2025-03-11 16:00:00,0.18735178
2025-03-11 17:00:00,-0.19418256
2025-03-11 18:00:00,-0.583096
2025-03-11 19:00:00,-0.88732314
2025-03-11 20:00:00,-1.0481658
2025-03-11 21:00:00,-1.0191767
2025-03-11 22:00:00,-0.81752133
2025-03-11 23:00:00,-0.5067289
2025-03-12 00:00:00,-0.18030067
2025-03-12 01:00:00,0.13527024
2025-03-12 02:00:00,0.29626688
2025-03-12 03:00:00,0.26922485
2025-03-12 04:00:00,0.096513785
2025-03-12 05:00:00,-0.21782324
2025-03-12 06:00:00,-0.58881474
2025-03-12 07:00:00,-0.8821179
2025-03-12 08:00:00,-1.008129
2025-03-12 09:00:00,-0.9673543
2025-03-12 10:00:00,-0.76343673
2025-03-12 11:00:00,-0.3954959
2025-03-12 12:00:00,-0.014753465
2025-03-12 13:00:00,0.35827908
2025-03-12 14:00:00,0.5758291
2025-03-12 15:00:00,0.58713806
2025-03-12 16:00:00,0.40535367
2025-03-12 17:00:00,0.06776529
2025-03-12 18:00:00,-0.39626825
2025-03-12 19:00:00,-0.79566705
2025-03-12 20:00:00,-1.0499644
2025-03-12 21:00:00,-1.1177952
2025-03-12 22:00:00,-0.9898639
2025-03-12 23:00:00,-0.66513765
2025-03-13 00:00:00,-0.27900705
2025-03-13 01:00:00,0.07718699
2025-03-13 02:00:00,0.37544024
2025-03-13 03:00:00,0.42494112
2025-03-13 04:00:00,0.30845863
2025-03-13 05:00:00,0.03979141
2025-03-13 06:00:00,-0.37577176
2025-03-13 07:00:00,-0.7688361
2025-03-13 08:00:00,-1.0089062
2025-03-13 09:00:00,-1.0720063
2025-03-13 10:00:00,-0.967109
2025-03-13 11:00:00,-0.63747996
2025-03-13 12:00:00,-0.19322759
2025-03-13 13:00:00,0.19175166
2025-03-13 14:00:00,0.538504
2025-03-13 15:00:00,0.65020466
2025-03-13 16:00:00,0.54923695
2025-03-13 17:00:00,0.26702973
2025-03-13 18:00:00,-0.18993346
2025-03-13 19:00:00,-0.6664689
2025-03-13 20:00:00,-1.0063665
2025-03-13 21:00:00,-1.1654228
2025-03-13 22:00:00,-1.1264232
2025-03-13 23:00:00,-0.8652839
2025-03-14 00:00:00,-0.45330653
2025-03-14 01:00:00,-0.048382122
2025-03-14 02:00:00,0.33344364
2025-03-14 03:00:00,0.51794916
2025-03-14 04:00:00,0.4764761
2025-03-14 05:00:00,0.2565091
2025-03-14 06:00:00,-0.13012895
2025-03-14 07:00:00,-0.6109015
2025-03-14 08:00:00,-0.9621451
2025-03-14 09:00:00,-1.1279254
2025-03-14 10:00:00,-1.1020565
2025-03-14 11:00:00,-0.858989
2025-03-14 12:00:00,-0.42908806
2025-03-14 13:00:00,0.008904388
2025-03-14 14:00:00,0.40982285
2025-03-14 15:00:00,0.6173686
2025-03-14 16:00:00,0.6065118
2025-03-14 17:00:00,0.39514765
2025-03-14 18:00:00,0.008107935
2025-03-14 19:00:00,-0.5057269
2025-03-14 20:00:00,-0.9375095
2025-03-14 21:00:00,-1.1870182
2025-03-14 22:00:00,-1.2097471
2025-03-14 23:00:00,-1.0503168
2025-03-15 00:00:00,-0.683589
2025-03-15 01:00:00,-0.22176966
2025-03-15 02:00:00,0.1953641
2025-03-15 03:00:00,0.514309
2025-03-15 04:00:00,0.55983764
2025-03-15 05:00:00,0.41514894
2025-03-15 06:00:00,0.09371427
2025-03-15 07:00:00,-0.38727766
2025-03-15 08:00:00,-0.8151465
2025-03-15 09:00:00,-1.0813186
2025-03-15 10:00:00,-1.1420126
2025-03-15 11:00:00,-1.0102568
2025-03-15 12:00:00,-0.6549118
2025-03-15 13:00:00,-0.19911256
2025-03-15 14:00:00,0.21250677
2025-03-15 15:00:00,0.5511446
2025-03-15 16:00:00,0.62957895
2025-03-15 17:00:00,0.51275986
2025-03-15 18:00:00,0.18656823
2025-03-15 19:00:00,-0.29776952
2025-03-15 20:00:00,-0.785051
2025-03-15 21:00:00,-1.1361747
2025-03-15 22:00:00,-1.2499744
2025-03-15 23:00:00,-1.1585393
2025-03-16 00:00:00,-0.8573387
2025-03-16 01:00:00,-0.4042425
2025-03-16 02:00:00,0.048475638
2025-03-16 03:00:00,0.41666016
2025-03-16 04:00:00,0.5622768
2025-03-16 05:00:00,0.5097336
2025-03-16 06:00:00,0.2798916
2025-03-16 07:00:00,-0.13232586
2025-03-16 08:00:00,-0.6089584
2025-03-16 09:00:00,-0.94183177
2025-03-16 10:00:00,-1.1079652
2025-03-16 11:00:00,-1.0854139
2025-03-16 12:00:00,-0.8361557
2025-03-16 13:00:00,-0.40717307
2025-03-16 14:00:00,0.0021950537
2025-03-16 15:00:00,0.38514724
2025-03-16 16:00:00,0.54721004
2025-03-16 17:00:00,0.4923453
2025-03-16 18:00:00,0.26095948
